{"cameraMode":{"drawMode":0,"name":"Shaded","section":"Shading Mode"},"sceneLighting":false,"audioPlay":false,"sceneViewState":{"showFog":false,"showMaterialUpdate":false,"showSkybox":false,"showFlares":false,"showImageEffects":false,"showParticleSystems":false},"in2DMode":false,"pivot":{"x":0.548370361328125,"y":10.600000381469727,"z":-1.6483683586120606},"rotation":{"x":0.3155236542224884,"y":0.40002715587615969,"z":-0.14892756938934327,"w":0.8475072383880615},"size":10.245529174804688,"orthographic":false}