{"cameraMode":{"drawMode":0,"name":"Shaded","section":"Shading Mode"},"sceneLighting":false,"audioPlay":false,"sceneViewState":{"showFog":false,"showMaterialUpdate":false,"showSkybox":false,"showFlares":false,"showImageEffects":false,"showParticleSystems":false},"in2DMode":false,"pivot":{"x":0.483673095703125,"y":14.471329689025879,"z":-1.7482376098632813},"rotation":{"x":-0.06299250572919846,"y":0.9298166632652283,"z":-0.18945135176181794,"w":-0.3091637194156647},"size":7.474203586578369,"orthographic":false}