{"cameraMode":{"drawMode":0,"name":"Shaded","section":"Shading Mode"},"sceneLighting":false,"audioPlay":false,"sceneViewState":{"showFog":false,"showMaterialUpdate":false,"showSkybox":false,"showFlares":false,"showImageEffects":false,"showParticleSystems":false},"in2DMode":false,"pivot":{"x":-0.36000001430511477,"y":3.300999879837036,"z":-0.2200000286102295},"rotation":{"x":0.07986047118902207,"y":-0.3773881196975708,"z":0.03268691524863243,"w":0.922027051448822},"size":11.203178405761719,"orthographic":false}