{"cameraMode":{"drawMode":0,"name":"Shaded","section":"Shading Mode"},"sceneLighting":true,"audioPlay":false,"sceneViewState":{"showFog":false,"showMaterialUpdate":false,"showSkybox":false,"showFlares":false,"showImageEffects":false,"showParticleSystems":false},"in2DMode":false,"pivot":{"x":-2.2587687969207765,"y":-3.1921093463897707,"z":0.3310379981994629},"rotation":{"x":0.2504858076572418,"y":-0.7472792863845825,"z":0.4005128741264343,"w":0.46736010909080508},"size":5.130478382110596,"orthographic":false}