{"cameraMode":{"drawMode":0,"name":"Shaded","section":"Shading Mode"},"sceneLighting":true,"audioPlay":false,"sceneViewState":{"showFog":false,"showMaterialUpdate":false,"showSkybox":false,"showFlares":false,"showImageEffects":false,"showParticleSystems":false},"in2DMode":false,"pivot":{"x":-1.3240023851394654,"y":11.784098625183106,"z":-9.053504943847657},"rotation":{"x":-0.3580361008644104,"y":0.025763005018234254,"z":-0.009883363731205464,"w":-0.9333000183105469},"size":10.191633224487305,"orthographic":false}