{"cameraMode":{"drawMode":0,"name":"Shaded","section":"Shading Mode"},"sceneLighting":false,"audioPlay":false,"sceneViewState":{"showFog":false,"showMaterialUpdate":false,"showSkybox":false,"showFlares":false,"showImageEffects":false,"showParticleSystems":false},"in2DMode":false,"pivot":{"x":0.1548856496810913,"y":14.360065460205079,"z":-0.9282726049423218},"rotation":{"x":0.4328404366970062,"y":0.2721419930458069,"z":-0.1388893723487854,"w":0.8481144905090332},"size":2.8578836917877199,"orthographic":false}