{"cameraMode":{"drawMode":0,"name":"Shaded","section":"Shading Mode"},"sceneLighting":false,"audioPlay":false,"sceneViewState":{"showFog":false,"showMaterialUpdate":false,"showSkybox":false,"showFlares":false,"showImageEffects":false,"showParticleSystems":false},"in2DMode":false,"pivot":{"x":1.2437567710876465,"y":10.675163269042969,"z":-1.0836033821105958},"rotation":{"x":0.36084216833114626,"y":0.40792879462242129,"z":-0.17967753112316132,"w":0.8192258477210999},"size":7.383586406707764,"orthographic":false}