{"cameraMode":{"drawMode":0,"name":"Shaded","section":"Shading Mode"},"sceneLighting":false,"audioPlay":false,"sceneViewState":{"showFog":false,"showMaterialUpdate":false,"showSkybox":false,"showFlares":false,"showImageEffects":false,"showParticleSystems":false},"in2DMode":false,"pivot":{"x":-1.100000023841858,"y":15.580000877380371,"z":-3.299999952316284},"rotation":{"x":0.3272453844547272,"y":0.3053493797779083,"z":-0.11263889819383621,"w":0.8871225118637085},"size":8.23183536529541,"orthographic":false}